found_date,metro,title,company,location,posted,source,flags,url
2026-09-19,SF Bay Area,Protein Design Scientist: Full-Stack Diffusion & Lab Automation,Clera,"San Francisco, CA",2026-09-17,JSearch/JobLeads,,https://www.jobleads.com/us/job/protein-design-scientist-full-stack-diffusion-lab-automation--san-francisco--efa66775aeb8f004319e7d1f38163e87c
2026-09-19,SF Bay Area,Sr Manager Protein Sciences,Twist Bioscience,"South San Francisco, CA",2026-08-29,JSearch/LinkedIn,,https://www.linkedin.com/jobs/view/sr-manager-protein-sciences-at-twist-bioscience-4459421134
2026-09-19,SF Bay Area,"AI Scientist, Computational Protein Design",Xaira Therapeutics,"South San Francisco, CA",2026-09-16,JSearch/Simplify,,https://simplify.jobs/p/4cb63190-49ea-4fe9-8526-f14f7a438869/AI-Scientist
2026-09-19,San Diego,Senior Biologist - Protein Engineering,Eli Lilly,"San Diego, CA",2026-09-10,JSearch/Lilly Careers - Eli Lilly,,https://careers.lilly.com/us/en/job/R-110104/Senior-Biologist-Protein-Engineering
2026-09-19,Boston,Principal Scientist - Protein ML,"Commonwealth Sciences, Inc.","Boston, MA",2026-09-12,JSearch/LinkedIn,,https://www.linkedin.com/jobs/view/principal-scientist-protein-ml-at-commonwealth-sciences-inc-4466366774
2026-09-19,Boston,Senior ML Scientist Protein Design & Lab-in-Loop,Generate Biomedicines,"Somerville, MA",2026-09-09,JSearch/Learn4Good,,https://www.learn4good.com/jobs/somerville/massachusetts/research_and_development/5456582186/e/
2026-09-19,Boston,"Principal Scientist, Protein Design",RXinsider,"Cambridge, MA",2026-09-12,JSearch/Jobilize,,https://www.jobilize.com/job/us-ma-cambridge-principal-scientist-protein-design-rxinsider-hiring
2026-09-19,Boston,Computational Protein Design Scientist; Hybrid,Generate Biomedicines,"Somerville, MA",2026-09-09,JSearch/Learn4Good,,https://www.learn4good.com/jobs/somerville/massachusetts/healthcare/5460549802/e/
2026-09-19,Boston,"Senior / Principal Scientist, Structural Biology — Target Druggability & Structure-Based Drug Design",Schrodinger,"Framingham, MA",2026-09-01,JSearch/LinkedIn,,https://www.linkedin.com/jobs/view/senior-principal-scientist-structural-biology-%E2%80%94-target-druggability-structure-based-drug-design-at-schr%C3%B6dinger-4451872897
2026-09-19,Washington DC,AI Scientist – Protein Structure and Function,Howard Hughes Medical Institute,"Ashburn, VA",2026-08-31,JSearch/LinkedIn,,https://www.linkedin.com/jobs/view/ai-scientist-%E2%80%93-protein-structure-and-function-at-howard-hughes-medical-institute-hhmi-4411654330
2026-09-19,SF Bay Area,"Senior Scientist I, Computational Biology","Grifols Shared Services North America, Inc","San Carlos, San Mateo County, California",2026-09-04,Adzuna,,https://www.adzuna.com/land/ad/5870580831?se=kHK70Oyz8RGm1alvctyjWA&utm_medium=api&utm_source=d677d981&v=F7B37210C0CD042DA879626639F7CD01211C3C0E
2026-09-19,SF Bay Area,"Postdoctoral Fellow - Computational Biology, Regev Lab",Genentech,"South San Francisco, San Mateo County, California",2026-09-04,Adzuna,,https://www.adzuna.com/land/ad/5870580100?se=kHK70Oyz8RGm1alvctyjWA&utm_medium=api&utm_source=d677d981&v=FA28DA061DD64275404525993703050DE3CFF077
2026-09-19,SF Bay Area,"Scientist, Computational Biology",Arc Institute,"Palo Alto, Santa Clara County, California",2026-09-17,Adzuna,,https://www.adzuna.com/land/ad/5887713090?se=kHK70Oyz8RGm1alvctyjWA&utm_medium=api&utm_source=d677d981&v=FD7F68C18E40045369CB23DD493BB722B1BC46B1
2026-09-19,SF Bay Area,"Senior Scientist, Computational Biology",Denali Therapeutics,"South San Francisco, San Mateo County, California",2026-09-13,Adzuna,,https://www.adzuna.com/details/5882403007?utm_medium=api&utm_source=d677d981
2026-09-19,SF Bay Area,"Senior Scientist, Computational Biology (Contractor)",Allogene Therapeutics,"South San Francisco, San Mateo County, California",2026-09-12,Adzuna,,https://www.adzuna.com/details/5880624325?utm_medium=api&utm_source=d677d981
2026-09-19,SF Bay Area,"AI Scientist/Senior, Clinical & Molecular Genomics Modeling, BRAID",Genentech,"South San Francisco, San Mateo County, California",2026-09-04,Adzuna,,https://www.adzuna.com/land/ad/5870580035?se=kHK70Oyz8RGm1alvctyjWA&utm_medium=api&utm_source=d677d981&v=D26862F528C0E8560A38559A8C979EAFB3AB5BD1
2026-09-19,SF Bay Area,"Postdoctoral Researcher, ML for Biology, Hsu Lab",Arc Institute,"Palo Alto, Santa Clara County, California",2026-09-17,Adzuna,,https://www.adzuna.com/land/ad/5887616462?se=kHK70Oyz8RGm1alvctyjWA&utm_medium=api&utm_source=d677d981&v=55FE886C72AFB04C086D91A3578C2B48B0B8B725
2026-09-19,SF Bay Area,Sr Bioinformatics Scientist (MRD),Insight Global,"South San Francisco, San Mateo County, California",2026-09-06,Adzuna,,https://www.adzuna.com/land/ad/5872950955?se=kHK70Oyz8RGm1alvctyjWA&utm_medium=api&utm_source=d677d981&v=2CC940F1015EBE2AE1A8F61FD3BBE7CBBA1D0E01
2026-09-19,SF Bay Area,Statistical Bioinformatics PhD - Fully Remote,Mercor,"San Francisco, California",2026-08-27,Adzuna,,https://www.adzuna.com/details/5858197923?utm_medium=api&utm_source=d677d981
2026-09-19,SF Bay Area,"Senior Director, Bioinformatics",Summit Therapeutics,"Palo Alto, Santa Clara County, California",2026-09-02,Adzuna,,https://www.adzuna.com/details/5866691936?utm_medium=api&utm_source=d677d981
2026-09-19,SF Bay Area,Senior Bioinformatics Research Engineer,Freenome,"Brisbane, San Mateo County, California",2026-09-17,Adzuna,,https://www.adzuna.com/details/5887542568?utm_medium=api&utm_source=d677d981
2026-09-19,SF Bay Area,"Scientific Lead - Forward Deployed AI Engineer, Applied Intelligence for Discovery",Eli Lilly,"San Francisco, California",2026-09-16,Adzuna,,https://www.adzuna.com/details/5886459625?utm_medium=api&utm_source=d677d981
2026-09-19,SF Bay Area,"Senior ML Scientist, AI for Protein Engineering",Lila Sciences,"San Francisco, California",2026-09-16,Adzuna,,https://www.adzuna.com/details/5885724586?utm_medium=api&utm_source=d677d981
2026-09-19,SF Bay Area,"Principal Scientist, Structural Biology",Genentech,"South San Francisco, San Mateo County, California",2026-09-10,Adzuna,,https://www.adzuna.com/land/ad/5878285507?se=kHK70Oyz8RGm1alvctyjWA&utm_medium=api&utm_source=d677d981&v=5F5E4E3460657AD188318C1A04150317A272B543
2026-09-19,SF Bay Area,"Senior/Principal ML Scientist, Translational Biology",Lila Sciences,"San Francisco, California",2026-09-16,Adzuna,,https://www.adzuna.com/details/5885953093?utm_medium=api&utm_source=d677d981
2026-09-19,SF Bay Area,"Senior ML Scientist, Biological Systems",Lila Sciences,"San Francisco, California",2026-09-16,Adzuna,,https://www.adzuna.com/details/5886139443?utm_medium=api&utm_source=d677d981
2026-09-19,SF Bay Area,"Senior/Principal Scientist, Computational Neuroscience, Computational Sciences Center of Excellence",Genentech,"South San Francisco, San Mateo County, California",2026-09-18,Adzuna,,https://www.adzuna.com/details/5888972505?utm_medium=api&utm_source=d677d981
2026-09-19,SF Bay Area,Sr. Bioinformatics Scientist – CDSDM,Predicine,"Mount Eden, Alameda County, California",2026-08-21,Adzuna,,https://www.adzuna.com/details/5850516474?utm_medium=api&utm_source=d677d981
2026-09-19,SF Bay Area,"Senior Data Engineer, Bioinformatics, Cheminformatics, Materials",Lila Sciences,"San Francisco, California",2026-09-03,Adzuna,,https://www.adzuna.com/details/5868965379?utm_medium=api&utm_source=d677d981
2026-09-19,SF Bay Area,"Machine Learning Scientist I / II, Protein Design",Lila Sciences,"San Francisco, California",2026-09-16,Adzuna,,https://www.adzuna.com/details/5886145207?utm_medium=api&utm_source=d677d981
2026-09-19,SF Bay Area,"ML Scientist I/II, AI for Protein Engineering",Lila Sciences,"San Francisco, California",2026-09-16,Adzuna,,https://www.adzuna.com/details/5885997045?utm_medium=api&utm_source=d677d981
2026-09-19,SF Bay Area,"Senior Machine Learning Scientist II, Drug Discovery Analytics",Revolution Medicines,"Redwood City, San Mateo County, California",2026-08-26,Adzuna,,https://www.adzuna.com/details/5856535568?utm_medium=api&utm_source=d677d981
2026-09-19,SF Bay Area,"Principal Scientist, SOP & Workflow Automation Champion, AI for Drug Discovery (AIDD)",Genentech,"South San Francisco, San Mateo County, California",2026-09-16,Adzuna,,https://www.adzuna.com/details/5886469649?utm_medium=api&utm_source=d677d981
2026-09-19,SF Bay Area,"Senior Robotics Research Engineer, Robotics and AI for Drug Discovery",Nvidia,"Santa Clara, Santa Clara County, California",2026-09-16,Adzuna,,https://www.adzuna.com/details/5886457101?utm_medium=api&utm_source=d677d981
2026-09-19,SF Bay Area,"Principal Scientist, Portfolio & gRED Interface-Biologics, AI for Drug Discovery (AIDD)",Genentech,"South San Francisco, San Mateo County, California",2026-09-16,Adzuna,,https://www.adzuna.com/details/5886465962?utm_medium=api&utm_source=d677d981
2026-09-19,SF Bay Area,"Senior Scientist, AI/ML (Biologics Design)",Gilead Sciences,"Foster City, San Mateo County, California",2026-08-21,Adzuna,,https://www.adzuna.com/details/5850721722?utm_medium=api&utm_source=d677d981
2026-09-19,SF Bay Area,Bioinformatics Programmer 3,UCSF,"San Francisco, California",2026-09-05,Adzuna,,https://www.adzuna.com/details/5871743260?utm_medium=api&utm_source=d677d981
2026-09-19,SF Bay Area,"Scientist, Protein Design",Chai Discovery,"San Francisco, California",2026-08-30,Adzuna,,https://www.adzuna.com/details/5861970179?utm_medium=api&utm_source=d677d981
2026-09-19,SF Bay Area,"Scientist II, Antibody Engineering",Astellas Pharma,"South San Francisco, San Mateo County, California",2026-09-13,Adzuna,,https://www.adzuna.com/land/ad/5882532522?se=3vvn1uyz8RGSI57gYuD12g&utm_medium=api&utm_source=d677d981&v=BE69D5B27CBD2DAE9B5555B7CF9AFCA9636B53BF
2026-09-19,SF Bay Area,"Senior Associate Scientist/Scientist I, Protein Sciences","ImmunEdge, Inc","Redwood City, San Mateo County, California",2026-08-20,Adzuna,,https://www.adzuna.com/details/5850360525?utm_medium=api&utm_source=d677d981
2026-09-19,SF Bay Area,Computational Chemistry Expert - PhD,Mercor,"San Francisco, California",2026-08-20,Adzuna,,https://www.adzuna.com/details/5849565027?utm_medium=api&utm_source=d677d981
2026-09-19,SF Bay Area,"Senior Scientist II, Computational Chemistry",Revolution Medicines,"Redwood City, San Mateo County, California",2026-09-18,Adzuna,,https://www.adzuna.com/details/5889271585?utm_medium=api&utm_source=d677d981
2026-09-19,SF Bay Area,"Staff Software Engineer, Machine Learning and Computational Chemistry",Eikon Therapeutics,"Millbrae, San Mateo County, California",2026-08-21,Adzuna,,https://www.adzuna.com/details/5850660329?utm_medium=api&utm_source=d677d981
2026-09-19,SF Bay Area,Computational Chemist - Fully Remote,Mercor,"San Francisco, California",2026-08-27,Adzuna,,https://www.adzuna.com/details/5858197895?utm_medium=api&utm_source=d677d981
2026-09-19,SF Bay Area,Computational Chemist - GPU Acceleration,PsiQuantum,"Palo Alto, Santa Clara County, California",2026-08-29,Adzuna,,https://www.adzuna.com/details/5860946030?utm_medium=api&utm_source=d677d981
2026-09-19,SF Bay Area,"Scientist, Cheminformatics",Octant Bio,"Emeryville, Alameda County, California",2026-09-17,Adzuna,,https://www.adzuna.com/details/5887616732?utm_medium=api&utm_source=d677d981
2026-09-19,San Diego,Associate Principal Bioinformatics Scientist,Abbott,"San Diego, San Diego County, California",2026-08-28,Adzuna,,https://www.adzuna.com/land/ad/5860328207?se=auQA4Oyz8RGk6dCvHcHp9g&utm_medium=api&utm_source=d677d981&v=2F62A908F9EC489D5F4306843B722F51AE45D6BE
2026-09-19,San Diego,Sr. Bioinformatics Scientist,Singular Genomics,"San Diego, San Diego County, California",2026-08-27,Adzuna,,https://www.adzuna.com/details/5858275528?utm_medium=api&utm_source=d677d981
2026-09-19,San Diego,"Sr. Scientist, NGS and Bioinformatics Core",Deerfield Management Companies,"La Jolla, San Diego County, California",2026-08-24,Adzuna,,https://www.adzuna.com/details/5854404090?utm_medium=api&utm_source=d677d981
2026-09-19,San Diego,Principal Bioinformatics Scientist,Veracyte,"San Diego, San Diego County, California",2026-09-03,Adzuna,,https://www.adzuna.com/details/5868585156?utm_medium=api&utm_source=d677d981
2026-09-19,San Diego,"Scientist II, Computational Chemistry",Neurocrine Biosciences,"San Diego, San Diego County, California",2026-09-18,Adzuna,,https://www.adzuna.com/details/5889191251?utm_medium=api&utm_source=d677d981
2026-09-19,Boston,"Senior Scientist, Computational Biology",Tessera Therapeutics,"Somerville, Middlesex County, Massachusetts",2026-09-18,Adzuna,,https://www.adzuna.com/details/5889318747?utm_medium=api&utm_source=d677d981
2026-09-19,Boston,ProFound Therapeutics: Computational Biology Co-Op,Flagship Pioneering,"Cambridge, Middlesex County, Massachusetts",2026-09-18,Adzuna,,https://www.adzuna.com/details/5888699926?utm_medium=api&utm_source=d677d981
2026-09-19,Boston,"Deep Learning Scientist II, Protein Sciences",Repertoire Immune Medicines,"Watertown, Middlesex County, Massachusetts",2026-09-16,Adzuna,,https://www.adzuna.com/details/5885695931?utm_medium=api&utm_source=d677d981
2026-09-19,Boston,Senior / Principal Computational Biologist,Cellarity,"Somerville, Middlesex County, Massachusetts",2026-09-03,Adzuna,,https://www.adzuna.com/details/5868843030?utm_medium=api&utm_source=d677d981
2026-09-19,Boston,Senior / Principal Computational Biologist,Flagship Pioneering,"Somerville, Middlesex County, Massachusetts",2026-08-28,Adzuna,,https://www.adzuna.com/details/5859537851?utm_medium=api&utm_source=d677d981
2026-09-19,Boston,"2027 Spring Co-op Bioinformatic Digital Data Scientist - Global Immunology, Waltham, MA",Sanofi,"South Waltham, Middlesex County, Massachusetts",2026-09-12,Adzuna,,https://www.adzuna.com/land/ad/5880924991?se=AsMW6uyz8RGk6dCvHcHp9g&utm_medium=api&utm_source=d677d981&v=231C95C39A4D28B651A300388B8BE69D413DCC30
2026-09-19,Boston,"Business Lead, AI-native Large Molecule / Biologics Discovery",Takeda,"Boston, Suffolk County, Massachusetts",2026-09-11,Adzuna,,https://www.adzuna.com/details/5879743886?utm_medium=api&utm_source=d677d981
2026-09-19,Boston,Bioinformatics Senior Scientist-Biology,Zealand Pharma,"Cambridge, Middlesex County, Massachusetts",2026-09-17,Adzuna,,https://www.adzuna.com/details/5887132539?utm_medium=api&utm_source=d677d981
2026-09-19,Boston,Pioneering Medicines: Bioinformatics Co-Op,Flagship Pioneering,"Cambridge, Middlesex County, Massachusetts",2026-09-16,Adzuna,,https://www.adzuna.com/details/5886157597?utm_medium=api&utm_source=d677d981
2026-09-19,Boston,"Principal Scientist, Applied AI, Immune Pathway Discovery",Johnson and Johnson,"Cambridge, Middlesex County, Massachusetts",2026-09-13,Adzuna,,https://www.adzuna.com/details/5882910113?utm_medium=api&utm_source=d677d981
2026-09-19,Boston,"Founding Computational Scientist, Proteomics",Deliverome Bio,"Cambridge, Middlesex County, Massachusetts",2026-09-18,Adzuna,,https://www.adzuna.com/details/5888819747?utm_medium=api&utm_source=d677d981
2026-09-19,Boston,"Principal Scientist, Protein Design",Moderna,"Somerville, Middlesex County, Massachusetts",2026-09-16,Adzuna,,https://www.adzuna.com/details/5886471382?utm_medium=api&utm_source=d677d981
2026-09-19,Boston,"Senior Scientist, Protein Engineering",Flagship Pioneering,"Cambridge, Middlesex County, Massachusetts",2026-09-02,Adzuna,,https://www.adzuna.com/details/5866670816?utm_medium=api&utm_source=d677d981
2026-09-19,Boston,"Director, Protein Science",Alloy Therapeutics,"Waltham, Middlesex County, Massachusetts",2026-09-06,Adzuna,,https://www.adzuna.com/details/5872776022?utm_medium=api&utm_source=d677d981
2026-09-19,Boston,Associate Director - Antibody Discovery Programs,Alloy Therapeutics,"Waltham, Middlesex County, Massachusetts",2026-09-14,Adzuna,,https://www.adzuna.com/details/5883989927?utm_medium=api&utm_source=d677d981
2026-09-19,Boston,"Senior Director, Computational Drug Discovery (DK/US)",Zealand Pharma,"Cambridge, Middlesex County, Massachusetts",2026-08-26,Adzuna,,https://www.adzuna.com/details/5857856506?utm_medium=api&utm_source=d677d981
2026-09-19,Boston,"Director/Senior Director, Computational Chemistry",Flagship Pioneering,"Cambridge, Middlesex County, Massachusetts",2026-08-21,Adzuna,,https://www.adzuna.com/details/5850627538?utm_medium=api&utm_source=d677d981
2026-09-19,Boston,Computational Chemistry Principal Research Scientist (Computational Drug Design),Vertex Pharmaceuticals,"Boston, Suffolk County, Massachusetts",2026-08-29,Adzuna,,https://www.adzuna.com/details/5860759363?utm_medium=api&utm_source=d677d981
2026-09-19,Boston,"Senior Principal Scientist, Applied AI & Agentic Systems for Small-Molecule Drug Discovery",Vertex Pharmaceuticals,"Boston, Suffolk County, Massachusetts",2026-08-30,Adzuna,,https://www.adzuna.com/details/5861885845?utm_medium=api&utm_source=d677d981
2026-09-19,Boston,Director / Senior Director - Cheminformatics and Applied AI,Eli Lilly,"Boston, Suffolk County, Massachusetts",2026-09-04,Adzuna,,https://www.adzuna.com/land/ad/5870497238?se=tkHj9Oyz8RGm1alvctyjWA&utm_medium=api&utm_source=d677d981&v=7190FEC95C5FA59E23080EA24C6E9EAC2FF24B21
2026-09-19,Boston,"Business Lead, AI-native Small Molecule Discovery",Takeda,"Boston, Suffolk County, Massachusetts",2026-09-10,Adzuna,,https://www.adzuna.com/details/5878454439?utm_medium=api&utm_source=d677d981
2026-09-19,Boston,"Sr. Scientist I/Sr. Scientist II, Applied AI & Agentic Systems for Drug Discovery",Antares Therapeutics,"Boston, Suffolk County, Massachusetts",2026-08-22,Adzuna,,https://www.adzuna.com/details/5852253004?utm_medium=api&utm_source=d677d981
2026-09-19,Boston,Cheminformatics & Synthesis Prediction,Ginkgo Bioworks,"Boston, Suffolk County, Massachusetts",2026-08-27,Adzuna,,https://www.adzuna.com/details/5858272630?utm_medium=api&utm_source=d677d981
2026-09-19,Washington DC,Bioinformatics Team Leader - Genomics and Fieldable Analytics with Security Clearance,Parsons,"Hood College, Frederick County, Maryland",2026-09-17,Adzuna,🔐 클리어런스,https://www.adzuna.com/land/ad/5887136713?se=PNzF9uyz8RGk6dCvHcHp9g&utm_medium=api&utm_source=d677d981&v=AF5E97F0C49863029E9B043E8EE677B54C83081B
2026-09-19,Washington DC,Computational Biologist Genomics,Cherokee Federal,"College Estates, Frederick County, Maryland",2026-09-03,Adzuna,,https://www.adzuna.com/land/ad/5868726673?se=PNzF9uyz8RGk6dCvHcHp9g&utm_medium=api&utm_source=d677d981&v=313AC7046631E08429491A3C00551FB2AA1F2964
2026-09-19,Washington DC,Senior Bioinformatics Analyst/Engineer with Security Clearance,Parsons,"Hood College, Frederick County, Maryland",2026-09-17,Adzuna,🔐 클리어런스,https://www.adzuna.com/land/ad/5887126163?se=PNzF9uyz8RGk6dCvHcHp9g&utm_medium=api&utm_source=d677d981&v=74E0BE9BFF494C303D0A20609849CDC1A5E9A88A
2026-09-19,Washington DC,Bioinformatics Analyst/Engineer with Security Clearance,Parsons,"Hood College, Frederick County, Maryland",2026-09-17,Adzuna,🔐 클리어런스,https://www.adzuna.com/land/ad/5887126170?se=PNzF9uyz8RGk6dCvHcHp9g&utm_medium=api&utm_source=d677d981&v=4344D544A3FC00BBE6170E527B4E15C1E55BB56F
2026-09-19,Washington DC,Bioinformatics Scientist,Quest Diagnostics,"Baltimore, Baltimore County, Maryland",2026-09-02,Adzuna,,https://www.adzuna.com/details/5866972022?utm_medium=api&utm_source=d677d981
2026-09-19,Washington DC,Bioinformatics Scientist Lead,Computercraft Corporation,"Bethesda, Montgomery County, Maryland",2026-09-16,Adzuna,,https://www.adzuna.com/details/5885911424?utm_medium=api&utm_source=d677d981
2026-09-19,Washington DC,Lead Bioinformatics Engineer,Quest Diagnostics,"Baltimore, Baltimore County, Maryland",2026-09-01,Adzuna,,https://www.adzuna.com/details/5866423452?utm_medium=api&utm_source=d677d981
2026-09-19,Washington DC,Biological Data Computational Support (Computational Biologist I),Cherokee Federal,"College Estates, Frederick County, Maryland",2026-09-03,Adzuna,,https://www.adzuna.com/land/ad/5868726693?se=PNzF9uyz8RGk6dCvHcHp9g&utm_medium=api&utm_source=d677d981&v=9BEB3FB21F1393D2996826B73AEDF206488215FD
2026-09-19,Washington DC,Postdoctoral Fellow I (Antibody Engineering),The Geneva Foundation,"Silver Spring, Montgomery County, Maryland",2026-08-30,Adzuna,,https://www.adzuna.com/details/5862744485?utm_medium=api&utm_source=d677d981
2026-09-19,Washington DC,Protein Modeling Specialist,Gables Search Group,"Rockville, Montgomery County, Maryland",2026-09-16,Adzuna,,https://www.adzuna.com/details/5886473831?utm_medium=api&utm_source=d677d981
2026-09-19,Washington DC,Bioinformatics Scientist,GAP Solutions Inc,"Bethesda, Montgomery County, Maryland",2026-08-26,Adzuna,,https://www.adzuna.com/land/ad/5857512113?se=7nuk_eyz8RGk6dCvHcHp9g&utm_medium=api&utm_source=d677d981&v=594752714F47AB089A82D6C13F5041880C6793F4
2026-09-19,Washington DC,Bioinformatics Scientist (52707),Gap Solutions,"Bethesda, Montgomery County, Maryland",2026-09-13,Adzuna,,https://www.adzuna.com/details/5882633392?utm_medium=api&utm_source=d677d981
2026-09-19,Washington DC,Bioinformatics Scientist (52791),Gap Solutions,"Bethesda, Montgomery County, Maryland",2026-09-18,Adzuna,,https://www.adzuna.com/details/5888701874?utm_medium=api&utm_source=d677d981
2026-09-19,Washington DC,Bioinformatics Scientist (52471),Gap Solutions,"Bethesda, Montgomery County, Maryland",2026-08-26,Adzuna,,https://www.adzuna.com/details/5856753222?utm_medium=api&utm_source=d677d981
2026-09-19,Boston,"Senior Director, Protein Analytics & Biophysics",Generate Biomedicines,"Somerville, MA",2026-09-09,회사/greenhouse,,https://generatebiomedicines.com/open-positions?gh_jid=4712073006
2026-09-19,SF Bay Area,ML & Molecular Simulation Scientist,Genesis Therapeutics,"San Mateo, CA",2026-06-12,회사/ashby,,https://jobs.ashbyhq.com/genesis-molecular-ai/6e9c55b1-73b6-4881-8b7a-f7838626e17d
2026-09-19,Remote,"Associate Director/Director, Alliance Management - AI Discovery",Iambic Therapeutics,Remote - US,2026-07-22,회사/ashby,,https://jobs.ashbyhq.com/iambic-therapeutics/3d06348d-a8a7-4190-883e-07f67965154f
2026-09-19,Remote,"Research Scientist II/Senior, Computational Chemistry",Iambic Therapeutics,San Diego HQ / Remote - US,2026-08-15,회사/ashby,,https://jobs.ashbyhq.com/iambic-therapeutics/6236b729-9139-4971-8a31-3f5a9add1ed4
2026-09-19,Boston,"Associate Scientist/Scientist I, Protein Science Developability",Lila Sciences,"Cambridge, MA USA",2026-09-02,회사/greenhouse,,https://job-boards.greenhouse.io/lilasciences/jobs/4299967009
2026-09-19,Boston,"Computational Scientist I/II, Soft Matter Formulations , Complex Fluids",Lila Sciences,"Cambridge, MA USA",2026-09-02,회사/greenhouse,,https://job-boards.greenhouse.io/lilasciences/jobs/4327124009
2026-09-19,Boston,"Computational Scientist I/II, Soft Matter Formulations, Solids and Melts",Lila Sciences,"Cambridge, MA USA",2026-09-02,회사/greenhouse,,https://job-boards.greenhouse.io/lilasciences/jobs/4327126009
2026-09-19,Boston,"Scientist II / Senior ML Scientist, Data-Efficient Learning for Drug Discovery",Lila Sciences,"Cambridge, MA USA; London, UK; San Francisco, CA USA",2026-09-02,회사/greenhouse,,https://job-boards.greenhouse.io/lilasciences/jobs/4340147009
2026-09-19,Boston,"Scientist II/Senior Scientist, Computational Biophysics",Lila Sciences,"Cambridge, MA USA; London, UK; San Francisco, CA USA",2026-09-02,회사/greenhouse,,https://job-boards.greenhouse.io/lilasciences/jobs/4340155009
2026-09-19,Boston,"Scientist II/Senior Scientist, Computational Chemistry, Drug Discovery",Lila Sciences,"Cambridge, MA USA; London, UK; San Francisco, CA USA",2026-09-02,회사/greenhouse,,https://job-boards.greenhouse.io/lilasciences/jobs/4340153009
2026-09-19,SF Bay Area,"Senior / Principal Machine Learning Scientist, Scientific Reasoning Models, AI for Drug Discovery",Genentech,"New York City, New York / South San Francisco, California",2026-07-27,회사/phenom,,https://roche.wd3.myworkdayjobs.com/ROG-A2O-GENE/job/New-York-City/Senior---Principal-Machine-Learning-Scientist--Scientific-Reasoning-Models_202602-103618/apply
2026-09-19,SF Bay Area,"Machine Learning Scientist, Scientific Reasoning Models, AI for Drug Discovery",Genentech,"New York City, New York / South San Francisco, California",2026-02-11,회사/phenom,,https://roche.wd3.myworkdayjobs.com/ROG-A2O-GENE/job/New-York-City/Machine-Learning-Scientist--Scientific-Reasoning-Models--AI-for-Drug-Discovery_202602-103501/apply
2026-09-19,SF Bay Area,"Senior Patent Counsel/Agent, Discovery & Computational Sciences IP Team",Genentech,"South San Francisco, California",2026-03-04,회사/phenom,,https://roche.wd3.myworkdayjobs.com/ROG-A2O-GENE/job/South-San-Francisco/Senior-Patent-Counsel-Agent--Discovery---Computational-Sciences-IP-Team_202602-105176/apply
2026-09-19,SF Bay Area,"Senior Project Manager, AI Biology & Translation",Genentech,"South San Francisco, California",2026-08-10,회사/phenom,,https://roche.wd3.myworkdayjobs.com/ROG-A2O-GENE/job/South-San-Francisco/Senior-Project-Manager--AI-Biology---Translation_202608-120698-1/apply
2026-09-19,SF Bay Area,"Machine Learning Engineer, Infra, AI for Drug Discovery",Genentech,"South San Francisco, California / New York City, New York",2026-08-05,회사/phenom,,https://roche.wd3.myworkdayjobs.com/ROG-A2O-GENE/job/South-San-Francisco/Machine-Learning-Engineer--Infra--AI-for-Drug-Discovery_202607-120009/apply
2026-09-19,SF Bay Area,"Senior Scientist, Antibody Developability/Biophysics & Portfolio Support, AI for Drug Discovery (AIDD)",Genentech,"South San Francisco, California",2026-08-05,회사/phenom,,https://roche.wd3.myworkdayjobs.com/ROG-A2O-GENE/job/South-San-Francisco/Senior-Scientist--Developability-Biophysics---Portfolio-Support--AI-for-Drug-Discovery--AIDD-_202608-120346/apply
2026-09-19,SF Bay Area,"Senior Machine Learning Scientist, Protein ML, AI for Drug Discovery (AIDD)",Genentech,"South San Francisco, California",2026-08-18,회사/phenom,,https://roche.wd3.myworkdayjobs.com/ROG-A2O-GENE/job/South-San-Francisco/Senior-Machine-Learning-Scientist--Protein-ML--AI-for-Drug-Discovery--AIDD-_202608-121326/apply
2026-09-19,SF Bay Area,"Machine Learning Engineer/Senior Machine Learning Engineer - Devops, AI for Drug Discovery",Genentech,"New York City, New York / South San Francisco, California",2026-08-21,회사/phenom,,https://roche.wd3.myworkdayjobs.com/ROG-A2O-GENE/job/New-York-City/Machine-Learning-Engineer---Devops_202509-122841/apply
2026-09-19,SF Bay Area,"Principal Machine Learning Scientist, Frontier Research, AI for Drug Discovery (AIDD)",Genentech,"South San Francisco, California / New York City, New York / Basel, Basel-City, Switzerland",2026-08-26,회사/phenom,,https://roche.wd3.myworkdayjobs.com/ROG-A2O-GENE/job/South-San-Francisco/Principal-Machine-Learning-Scientist--Frontier-Research--AI-for-Drug-Discovery--AIDD-_202608-121261/apply
2026-09-19,SF Bay Area,"Software Development Engineer/Senior Software Development Engineer, Agentic Systems, AI for Drug Discovery",Genentech,"South San Francisco, California / New York City, New York",2026-07-22,회사/phenom,,https://roche.wd3.myworkdayjobs.com/ROG-A2O-GENE/job/South-San-Francisco/Software-Development-Engineer-Senior-Software-Development-Engineer--Agentic-Systems--AI-for-Drug-Discovery_202607-118950/apply
2026-09-19,SF Bay Area,"Senior Machine Learning Engineer, Agentic Science/Generative Models, AI for Biology & Translation (AIBT)",Genentech,"South San Francisco, California",2026-08-10,회사/phenom,,https://roche.wd3.myworkdayjobs.com/ROG-A2O-GENE/job/South-San-Francisco/Senior-Machine-Learning-Engineer--Agentic-Science-Generative-Models--AI-for-Biology---Translation--AIBT-_202608-120617/apply
2026-09-19,SF Bay Area,"Principal Machine Learning Engineer, Foundation Models, AI for Drug Discovery",Genentech,"New York City, New York / South San Francisco, California",2026-09-08,회사/phenom,,https://roche.wd3.myworkdayjobs.com/ROG-A2O-GENE/job/New-York-City/Principal-Machine-Learning-Engineer_202609-122724-1/apply
2026-09-19,SF Bay Area,"Senior Machine Learning Scientist, Foundational ML, AI for Biology & Translation (AIBT)",Genentech,"South San Francisco, California",2026-07-01,회사/phenom,,https://roche.wd3.myworkdayjobs.com/ROG-A2O-GENE/job/South-San-Francisco/Senior-Machine-Learning-Scientist--Foundational-ML--AI-for-Biology---Translation--AIBT-_202606-117077/apply
2026-09-19,SF Bay Area,"Senior/Principal Machine Learning Scientist, Perturbation Biology, AI Biology & Translation (AIBT)",Genentech,"South San Francisco, California",2026-06-17,회사/phenom,,https://roche.wd3.myworkdayjobs.com/ROG-A2O-GENE/job/South-San-Francisco/Senior-Principal-Machine-Learning-Scientist--Perturbation-Biology--AI-Biology---Translation--AIBT-_202606-114787/apply
2026-09-19,SF Bay Area,Principal Scientist (Computational Chemistry),Genentech,"South San Francisco, California",2026-07-07,회사/phenom,,https://roche.wd3.myworkdayjobs.com/ROG-A2O-GENE/job/South-San-Francisco/Principal-Scientist--Computational-Chemistry-_202607-117707/apply
2026-09-19,SF Bay Area,Senior Scientist - Computational Protein Design,Amgen,US - California - South San Francisco,2026-08-20,회사/workday,,https://amgen.wd1.myworkdayjobs.com/en-US/Careers/job/US---California---South-San-Francisco/Senior-Scientist---Computational-Protein-Design_R-244307
2026-09-19,SF Bay Area,"Scientific Lead - Forward Deployed AI Engineer, Applied Intelligence for Discovery",Eli Lilly,"San Francisco, California",2026-02-26,회사/phenom,,https://lilly.wd115.myworkdayjobs.com/LLY/job/US-San-Francisco-CA/Scientific-Lead---Forward-Deployed-AI-Engineer--Applied-Intelligence-for-Discovery_R-101372-1/apply
2026-09-19,San Diego,Senior Biologist - Protein Engineering,Eli Lilly,"San Diego, California",2026-09-04,회사/phenom,,https://lilly.wd115.myworkdayjobs.com/LLY/job/US-San-Diego-CA/Senior-Biologist---Protein-Engineering_R-110104/apply
2026-09-19,SF Bay Area,"Computational Biologist II, CellxState",Chan Zuckerberg Biohub,"San Francisco, CA (Hybrid)",2026-09-18,회사/greenhouse,,https://job-boards.greenhouse.io/biohub/jobs/7712408
2026-09-19,SF Bay Area,Machine Learning (ML) Bioengineer,Lawrence Livermore National Laboratory,"Livermore, CA",2026-04-08,회사/smartrecruiters,,https://jobs.smartrecruiters.com/LLNL/3743990012510467
2026-09-19,San Diego,"Director, Multiomics Bioinformatics",Illumina,"San Diego, San Diego County, California",2026-09-19,Adzuna,,https://www.adzuna.com/details/5890357693?utm_medium=api&utm_source=d677d981
2026-09-19,Washington DC,Computational Biology SETA (TS/SCI 26-071) with Security Clearance,"Strategic Analysis, Inc.","Crystal, Arlington County, Virginia",2026-09-19,Adzuna,🔐 클리어런스,https://www.adzuna.com/land/ad/5890271898?se=QqNejjq08RGSI57gYuD12g&utm_medium=api&utm_source=d677d981&v=8DFF53997172A10254630D3EAD2EE4FF474A9B5A
2026-09-19,Boston,Director / Senior Director – Cheminformatics and Applied AI,Eli Lilly,"Boston, Massachusetts",2026-09-02,회사/phenom,,https://lilly.wd115.myworkdayjobs.com/LLY/job/US-Boston-MA/Director---Senior-Director---Cheminformatics-and-Applied-AI_R-110981/apply
2026-09-19,Boston,Applied AI/Bio Scientist,Nabla Bio,"Cambridge, Middlesex County, Massachusetts",2026-09-19,Adzuna,,https://www.adzuna.com/details/5890669514?utm_medium=api&utm_source=d677d981
2026-09-19,Boston,"Business Lead, AI-native Discovery Automation & Robotics",Takeda,"Boston, Suffolk County, Massachusetts",2026-09-11,Adzuna,,https://www.adzuna.com/details/5879523960?utm_medium=api&utm_source=d677d981
2026-09-19,San Diego,Director Clinical Bioinformatics,Illumina,"San Diego, San Diego County, California",2026-09-19,Adzuna,,https://www.adzuna.com/details/5890645471?utm_medium=api&utm_source=d677d981
2026-09-19,San Diego,"AI/ML Engineer, Drug Discovery (Contractor)",Vividion Therapeutics,"La Jolla, San Diego County, California",2026-09-16,Adzuna,,https://www.adzuna.com/details/5885798384?utm_medium=api&utm_source=d677d981
2026-09-19,SF Bay Area,"AI Scientist, BioMedical AI",Xaira Therapeutics,"South San Francisco, California",2026-09-15,회사/greenhouse,,https://job-boards.greenhouse.io/xairatherapeutics/jobs/4987432007
2026-09-19,SF Bay Area,AI Scientist - Biomedical Multimodal Modeling,Xaira Therapeutics,"South San Francisco, California",2026-09-15,회사/greenhouse,,https://job-boards.greenhouse.io/xairatherapeutics/jobs/5036777007
2026-09-19,SF Bay Area,"Scientist II, Antibody Discovery (Phage Display)",Xaira Therapeutics,"South San Francisco, California",2026-09-15,회사/greenhouse,,https://job-boards.greenhouse.io/xairatherapeutics/jobs/5194626007
2026-09-19,SF Bay Area,"Lead Scientist / Associate Director, Bioinformatics and Data Science",Profluent Bio,"Emeryville, California, United States; Hybrid (2-3 days on-site)",2026-09-10,회사/greenhouse,,https://job-boards.greenhouse.io/profluent/jobs/4983485008
2026-09-19,SF Bay Area,"Machine Learning Scientist, BioML",Profluent Bio,"Emeryville, California, United States; Hybrid (2-3 days on-site)",2026-09-10,회사/greenhouse,,https://job-boards.greenhouse.io/profluent/jobs/5248524008
2026-09-19,Boston,"Principal Scientist, Computational Protein Design",Moderna,"Cambridge, Massachusetts / Research",2026-08-20,회사/workday,,https://modernatx.wd1.myworkdayjobs.com/en-US/M_tx/job/Cambridge-Massachusetts/Principal-Scientist--Computational-Protein-Design_R19575
2026-09-19,Boston,Data Scientist/Computational Biologist,Harvard University,"Boston, MA",2026-08-21,회사/smartrecruiters,,https://jobs.smartrecruiters.com/HarvardUniversity/3743990014766326
2026-09-19,Boston,Bioinformatics Software Engineer,Harvard University,"Boston, MA",2026-02-23,회사/smartrecruiters,,https://jobs.smartrecruiters.com/HarvardUniversity/3743990011801881
2026-09-19,Washington DC,"Technical Research, Development and Engineering Officer",Central Intelligence Agency,"Washington, District of Columbia",2026-09-03,USAJOBS,🇺🇸 연방정부,https://www.usajobs.gov:443/job/883591300
2026-09-19,Washington DC,AI Engineer - Entry to Expert Level (Maryland),National Security Agency/Central Security Service,"Fort Meade, Maryland",2026-09-16,USAJOBS,🇺🇸 연방정부,https://www.usajobs.gov:443/job/884897900
2026-09-20,SF Bay Area,"Senior Scientist, Computational Biology",Eikon Therapeutics,"Millbrae, San Mateo County, California",2026-09-20,Adzuna,,https://www.adzuna.com/details/5891443564?utm_medium=api&utm_source=d677d981
2026-09-20,Boston,Serif Biomedicines: Protein Engineering Co-Op,Flagship Pioneering,"Cambridge, Middlesex County, Massachusetts",2026-09-20,Adzuna,,https://www.adzuna.com/details/5891797274?utm_medium=api&utm_source=d677d981
2026-09-20,Boston,"Raven StealthCo - Scientist/Senior Scientist, Protein Engineering and Discovery Biology",Raven,"Boston, Suffolk County, Massachusetts",2026-09-20,Adzuna,,https://www.adzuna.com/details/5891590207?utm_medium=api&utm_source=d677d981
2026-09-20,Boston,"Principal Scientist, Animal Genetic Engineering - Antibody Discovery",Johnson and Johnson,"Cambridge, Middlesex County, Massachusetts",2026-09-19,Adzuna,,https://www.adzuna.com/details/5891027930?utm_medium=api&utm_source=d677d981
2026-09-21,SF Bay Area,Computational Biologist,Preventive,"San Francisco, CA",2026-09-18,JSearch/LinkedIn,,https://www.linkedin.com/jobs/view/computational-biologist-at-preventive-4469218370
2026-09-21,SF Bay Area,"Computational Clinical Scientist II, Clinical Bioinformatics",Revolution Medicines,"San Francisco, CA",2026-09-20,JSearch/LinkedIn,,https://www.linkedin.com/jobs/view/computational-clinical-scientist-ii-clinical-bioinformatics-at-revolution-medicines-4451041042
2026-09-21,SF Bay Area,Postdoctoral Fellow - Computational Biology,Genentech,"South San Francisco, CA",2026-09-14,JSearch/Jobilize,,https://www.jobilize.com/job/us-ca-south-san-francisco-postdoctoral-fellow-computational-biology-q2ifbaq
2026-09-21,SF Bay Area,Bioinformatics Engineer,TekWissen ®,"Foster City, CA",2026-09-20,JSearch/LinkedIn,,https://www.linkedin.com/jobs/view/bioinformatics-engineer-at-tekwissen-%C2%AE-4462017783
2026-09-21,San Diego,Senior Computational Genomics Scientist – AI Discovery,Vertex Pharmaceuticals,"San Diego, CA",2026-09-15,JSearch/JobLeads,,https://www.jobleads.com/us/job/senior-computational-genomics-scientist-ai-discovery--san-diego--e9bd9fb16b85c3d55ae374eaab9ca4705
2026-09-21,San Diego,LAB HELPER - Yang Lab - Integrative Structural & Computational Biology,Scripps Research,"San Diego, CA",2026-09-14,JSearch/JobLeads,,https://www.jobleads.com/us/job/lab-helper-yang-lab-integrative-structural-computational-biology--san-diego--ed82abd022975ba27696ce3d119d4b0bf
2026-09-21,San Diego,Research Associate- Assay Development and Bioinformatics,"Integrated Resources, Inc ( IRI )","San Diego, CA",2026-09-17,JSearch/LinkedIn,,https://www.linkedin.com/jobs/view/research-associate-assay-development-and-bioinformatics-at-integrated-resources-inc-iri-4468694953
2026-09-21,San Diego,"Bioinformatics Scientist at Abterra Bio San Diego, CA",Abterra Bio,"San Diego, CA",2026-09-14,JSearch/Aquesabeelairelibre.com,,https://aquesabeelairelibre.com/library/job/bioinformatics-scientist-at-abterra-bio-san-diego-ca-YjZNQndWTkVmWDhRN0lsZVM5UFU3VGRFQXc9PQ==
2026-09-21,Boston,Bioinformatics Scientist I,Foundation Medicine,"Boston, MA",2026-09-20,JSearch/Foundation Medicine,,https://careers.foundationmedicine.com/jobs/bioinformatics-scientist-i-boston-massachusetts-united-states
2026-09-21,Boston,Research Associate in Bioinformatics,Unravel Biosciences,"Medford, MA",2026-09-17,JSearch/LinkedIn,,https://www.linkedin.com/jobs/view/research-associate-in-bioinformatics-at-unravel-biosciences-4467575164
2026-09-21,Boston,"Part-time Lecturer, Programming and Biological Science Courses for the Bioinformatics Graduate",Northeastern University,"Boston, MA",2026-09-16,JSearch/AcademicJobs.com,,https://www.academicjobs.com/university-jobs/part-time-lecturer-programming-and-biological-science-courses-for-the-bioinformatics-graduate-boston-massachusetts/834560
2026-09-21,Boston,Computational Scientist II - Karczewski Lab • Posted,Center for Therapeutic Genetics,"Cambridge, MA",2026-09-16,JSearch/Learn4Good,,https://www.learn4good.com/jobs/cambridge/massachusetts/research_and_development/5473766246/e/
2026-09-21,Washington DC,Computational Protein Engineer,Gables Search Group,"Washington, DC",2026-09-16,JSearch/Jobrapido,,https://us.jobrapido.com/jobpreview/7764642055397048320
2026-09-22,SF Bay Area,Senior Computational Scientist,Twist Bioscience,"South San Francisco, San Mateo County, California",2026-09-22,Adzuna,,https://www.adzuna.com/details/5893961456?utm_medium=api&utm_source=d677d981
2026-09-22,Boston,Bioinformatician I,Mass General Brigham,"Boston, Suffolk County, Massachusetts",2026-09-22,Adzuna,,https://www.adzuna.com/details/5893907060?utm_medium=api&utm_source=d677d981
2026-09-22,Washington DC,Bioinformatics Scientist (52832),Gap Solutions,"Highlandtown, Baltimore, Maryland",2026-09-22,Adzuna,,https://www.adzuna.com/details/5893818464?utm_medium=api&utm_source=d677d981
2026-09-22,Boston,"Scientist, Protein Design",Moderna,"Cambridge, Massachusetts / Research",2026-09-21,회사/workday,,https://modernatx.wd1.myworkdayjobs.com/en-US/M_tx/job/Cambridge-Massachusetts/Scientist--Protein-Design_R19527
2026-09-22,SF Bay Area,Computational Biologist - Academic Graduate Appointee,Lawrence Livermore National Laboratory,"Livermore, CA",2026-09-22,회사/smartrecruiters,,https://jobs.smartrecruiters.com/LLNL/3743990015558392
2026-09-23,SF Bay Area,"Associate Director, Computational Biology & Scientific Programmes",ARTO,"San Francisco, CA",2026-09-22,JSearch/LinkedIn,,https://www.linkedin.com/jobs/view/associate-director-computational-biology-scientific-programmes-at-arto-4468552431
2026-09-23,San Diego,Drug Discovery AI/ML Engineer: From Research to Production,BioPhase,"San Diego, CA",2026-09-19,JSearch/JobLeads,,https://www.jobleads.com/us/job/drug-discovery-ai-ml-engineer-from-research-to-production--san-diego--ea10cb2e2caeb4b5750a37d13a53991ff
2026-09-23,San Diego,"Senior Manager, Cheminformatics and AI",Bristol Myers Squibb,"San Diego, CA",2026-09-21,JSearch/AI Search,,https://ai-search.io/job-board/bristol-myers-squibb-senior-manager-cheminformatics-and-ai-20250311
2026-09-23,Boston,AI Research Scientist — Mechanistic Drug Safety,Absentia Labs,"Boston, MA",2026-09-20,JSearch/JobLeads,,https://www.jobleads.com/us/job/ai-research-scientist-mechanistic-drug-safety--boston--efe53d6e0e61bb40046f6f9734ab269b7
2026-09-23,Boston,Machine Learning Expert in Drug Discovery,1910 Genetics,"Boston, MA",2026-09-20,JSearch/AI Search,,https://ai-search.io/job-board/1910-genetics-machine-learning-expert-in-drug-discovery-20250203
2026-09-23,Boston,"Staff ML Scientist, Drug Discovery & Molecule Design",Socket.dev,"Boston, MA",2026-09-16,JSearch/JobLeads,,https://www.jobleads.com/us/job/staff-ml-scientist-drug-discovery-molecule-design--new-york--boston--e5d1afd553e11e593c3610f5fac6bcb57
2026-09-23,Washington DC,Biotech Data Scientist: Accelerate Drug Discovery with AI,BioSpace,"Washington, DC",2026-09-20,JSearch/JobLeads,,https://www.jobleads.com/us/job/biotech-data-scientist-accelerate-drug-discovery-with-ai--washington--eb5fdb73cbcff51d5d12921f17a590a64
2026-09-23,SF Bay Area,"Machine Learning Scientist II, Drug Discovery Analytics",Revolution Medicines,"Redwood City, San Mateo County, California",2026-09-23,Adzuna,,https://www.adzuna.com/details/5895202871?utm_medium=api&utm_source=d677d981
2026-09-23,Boston,"Scientist, Protein Design",Moderna,"Cambridge, Middlesex County, Massachusetts",2026-09-23,Adzuna,,https://www.adzuna.com/details/5894867265?utm_medium=api&utm_source=d677d981
2026-09-23,Boston,Bioinformatics Scientist,Vivo HealthStaff,"Boston, Suffolk County, Massachusetts",2026-09-23,Adzuna,,https://www.adzuna.com/land/ad/5894851653?se=vrWxYGW38RGhdeygInuqTw&utm_medium=api&utm_source=d677d981&v=88185F2C90C8903494E04E9B0AD6496A21E277ED
2026-09-23,Boston,Metaphore Biotechnologies: Analytical Characterization / Protein Science Co-Op,Flagship Pioneering,"Cambridge, Middlesex County, Massachusetts",2026-09-23,Adzuna,,https://www.adzuna.com/details/5895200542?utm_medium=api&utm_source=d677d981
2026-09-24,SF Bay Area,"Scientist, Computational Biology",MyOme,"Menlo Park, San Mateo County, California",2026-09-23,Adzuna,,https://www.adzuna.com/land/ad/5895712430?se=oC44ZzG48RGqqJ23Mt790Q&utm_medium=api&utm_source=d677d981&v=62F19FCFB45FE12B45D5834BFB9D16801148EDBA
2026-09-24,SF Bay Area,"Senior Developer Relations Lead, AI-Enabled Drug Discovery Science",NVIDIA,"Santa Clara, Santa Clara County, California",2026-09-23,Adzuna,,https://www.adzuna.com/land/ad/5895621175?se=oC44ZzG48RGqqJ23Mt790Q&utm_medium=api&utm_source=d677d981&v=B090AC886B504CBD98B26D95A95054F45648F227
2026-09-24,SF Bay Area,Computational Biologist - Academic Graduate Appointee,Lawrence Livermore National Laboratory,"Livermore, Alameda County, California",2026-09-23,Adzuna,,https://www.adzuna.com/land/ad/5895668665?se=oC44ZzG48RGqqJ23Mt790Q&utm_medium=api&utm_source=d677d981&v=0AAA335CADA3CE003F997998AB1F007C996D01F4
2026-09-24,SF Bay Area,Bioinformatics Scientist/Biostatistician Contractor,MyOme,"Menlo Park, San Mateo County, California",2026-09-23,Adzuna,,https://www.adzuna.com/land/ad/5895613488?se=oC44ZzG48RGqqJ23Mt790Q&utm_medium=api&utm_source=d677d981&v=EF8664D90ACFA1D30786BDAF7B76323EA96BD328
2026-09-24,SF Bay Area,Sr. Bioinformatics Scientist,Labcorp,"SoMa, San Francisco, California",2026-09-24,Adzuna,,https://www.adzuna.com/land/ad/5896667148?se=oC44ZzG48RGqqJ23Mt790Q&utm_medium=api&utm_source=d677d981&v=E954DBBBC90FFB8E7E7187E2E4244ADFE94BDF57
2026-09-24,SF Bay Area,Bioinformatics Engineer,Pilgrim,"Redwood City, San Mateo County, California",2026-09-24,Adzuna,,https://www.adzuna.com/details/5896754942?utm_medium=api&utm_source=d677d981
2026-09-24,SF Bay Area,Tenure Track Assistant Professor in Computer Science - Bioinformatics,Bioinformatics,"San Jose, Santa Clara County, California",2026-09-24,Adzuna,,https://www.adzuna.com/details/5896479127?utm_medium=api&utm_source=d677d981
2026-09-24,SF Bay Area,Bioinformatics Programmer I,UCSF,"South San Francisco, San Mateo County, California",2026-09-23,Adzuna,,https://www.adzuna.com/land/ad/5895638724?se=ijN6cjG48RG_LevdjZ8dqA&utm_medium=api&utm_source=d677d981&v=AD730BB257D264556A4B1BFCF523CCB439E442A3
2026-09-24,SF Bay Area,Bioinformatics Programmer I,UCSF,"San Francisco, California",2026-09-24,Adzuna,,https://www.adzuna.com/details/5896768680?utm_medium=api&utm_source=d677d981
2026-09-24,San Diego,Staff Bioinformatics Scientist,Abbott,"San Diego, San Diego County, California",2026-09-23,Adzuna,,https://www.adzuna.com/land/ad/5895689145?se=kkAcdTG48RGqqJ23Mt790Q&utm_medium=api&utm_source=d677d981&v=CF92233992C1FFE5556EA13AC0DA144A51EEDC63
2026-09-24,Boston,Postdoctoral Research Fellow - Computational Biology - Ghobrial Lab,Dana-Farber Cancer Institute,"Boston, Suffolk County, Massachusetts",2026-09-23,Adzuna,,https://www.adzuna.com/details/5895823373?utm_medium=api&utm_source=d677d981
2026-09-24,Boston,Bioinformatician Full-time,Foundation Medicine,"Boston, Suffolk County, Massachusetts",2026-09-23,Adzuna,,https://www.adzuna.com/land/ad/5895626178?se=xiVCgTG48RGqqJ23Mt790Q&utm_medium=api&utm_source=d677d981&v=F70131417E0398AEF78C7FE9931982A976205807
2026-09-24,Boston,"Associate Director, AI for Discovery — New Target Discovery",AstraZeneca,"Cambridge, Middlesex County, Massachusetts",2026-09-23,Adzuna,,https://www.adzuna.com/land/ad/5895628760?se=xiVCgTG48RGqqJ23Mt790Q&utm_medium=api&utm_source=d677d981&v=86BCFE72199D56CB703A02157C89B2A0FFFB1253
2026-09-24,Boston,"Senior Scientist, Computational Chemistry",Otsuka America Pharmaceutical Inc.,"Boston, Suffolk County, Massachusetts",2026-09-24,Adzuna,,https://www.adzuna.com/land/ad/5896723094?se=JsfvizG48RG_LevdjZ8dqA&utm_medium=api&utm_source=d677d981&v=06BF91AE58DB5B756159C62E589A55967F8ECE46
2026-09-24,Boston,"Associate Director, Computational Chemistry",Otsuka America Pharmaceutical Inc.,"Boston, Suffolk County, Massachusetts",2026-09-24,Adzuna,,https://www.adzuna.com/land/ad/5896723096?se=JsfvizG48RG_LevdjZ8dqA&utm_medium=api&utm_source=d677d981&v=073D2C6DDE85510894B938E802F4CB6DB2653C32
2026-09-24,Boston,Principal Scientist - AI-Reasoning for Drug Discovery,Johnson & Johnson,"Cambridge, Middlesex County, Massachusetts",2026-09-23,Adzuna,,https://www.adzuna.com/land/ad/5895626681?se=vvOn9TG48RG_LevdjZ8dqA&utm_medium=api&utm_source=d677d981&v=DA6270791B9BAFCA3D45AE4B2A0C44BC75BD7F6C
